{"cameraMode":{"drawMode":0,"name":"Shaded","section":"Shading Mode"},"sceneLighting":true,"audioPlay":false,"sceneViewState":{"showFog":true,"showMaterialUpdate":false,"showSkybox":true,"showFlares":true,"showImageEffects":true,"showParticleSystems":true},"in2DMode":false,"pivot":{"x":0.08447265625,"y":1.131103515625,"z":1.11669921875},"rotation":{"x":0.053943026810884479,"y":0.9209272861480713,"z":-0.13777361810207368,"w":0.36060285568237307},"size":4.354099273681641,"orthographic":true}