{"cameraMode":{"drawMode":0,"name":"Shaded","section":"Shading Mode"},"sceneLighting":true,"audioPlay":false,"sceneViewState":{"showFog":true,"showMaterialUpdate":false,"showSkybox":true,"showFlares":true,"showImageEffects":true,"showParticleSystems":true},"in2DMode":false,"pivot":{"x":-0.10498046875,"y":1.08111572265625,"z":0.8414306640625},"rotation":{"x":0.03628018498420715,"y":-0.7702189087867737,"z":0.0439264141023159,"w":0.6352917551994324},"size":3.1169593334198,"orthographic":true}