{"cameraMode":{"drawMode":0,"name":"Shaded","section":"Shading Mode"},"sceneLighting":true,"audioPlay":false,"sceneViewState":{"showFog":true,"showMaterialUpdate":false,"showSkybox":true,"showFlares":true,"showImageEffects":true,"showParticleSystems":true},"in2DMode":false,"pivot":{"x":1.056760311126709,"y":0.8428268432617188,"z":-0.639981746673584},"rotation":{"x":0.2626868188381195,"y":-0.11943576484918595,"z":0.032863929867744449,"w":0.9570091366767883},"size":4.520282745361328,"orthographic":false}